['te anau',
 'ushuaia',
 'vostok',
 'sitka',
 'kodiak',
 'saint-philippe',
 'airai',
 'nanortalik',
 'hermanus',
 'barentsburg',
 'hasaki',
 'vila franca do campo',
 'erenhot',
 'mrirt',
 'ribeira grande',
 'viedma',
 'taolanaro',
 'lompoc',
 'ketchikan',
 'busselton',
 'dikson',
 'attawapiskat',
 'richards bay',
 'horsham',
 'berezovyy',
 'atuona',
 'jamestown',
 'sentyabrskiy',
 'namatanai',
 'mys shmidta',
 'yellowknife',
 'grand gaube',
 'tabarqah',
 'pemangkat',
 'meulaboh',
 'hofn',
 'lasa',
 'bluff',
 'aklavik',
 'gornorechenskiy',
 'mar del plata',
 'nyurba',
 'labuhan',
 'tamworth',
 'belushya guba',
 'amderma',
 'milingimbi',
 'tiksi',
 'zhetybay',
 'nikolskoye',
 'ostrovnoy',
 'puerto ayora',
 'new norfolk',
 'avera',
 'palmer',
 'mosetse',
 'gold coast',
 'georgetown',
 'hithadhoo',
 'svetlogorsk',
 'hilo',
 'saint george',
 'chokurdakh',
 'bridlington',
 'mwinilunga',
 'kapaa',
 'pincher creek',
 'bonaventure',
 'carnarvon',
 'vaitupu',
 'kavaratti',
 'barrow',
 'port elizabeth',
 'saint-francois',
 'haines junction',
 'port alfred',
 'irtyshskiy',
 'huancabamba',
 'dien bien',
 'new port richey',
 'cabo san lucas',
 'sao joao da barra',
 'dingle',
 'pisco',
 'ancud',
 'castro',
 'bardoli',
 'smithers',
 'qaanaaq',
 'upernavik',
 'rikitea',
 'ludvika',
 'souillac',
 'kosh-agach',
 'tocantins',
 'harnosand',
 'maragogi',
 'huilong',
 'kruisfontein',
 'albany',
 'bara',
 'mataura',
 'isangel',
 'half moon bay',
 'tarija',
 'halifax',
 'sioux lookout',
 'darab',
 'kandrian',
 'cape town',
 'sorland',
 'port hardy',
 'nishihara',
 'karasjok',
 'binghamton',
 'kaitangata',
 'constitucion',
 'la ronge',
 'mandawar',
 'guerrero negro',
 'avarua',
 'mosjoen',
 'grand river south east',
 'margate',
 'minot',
 'torbay',
 'ziyamet',
 'havre-saint-pierre',
 'comodoro rivadavia',
 'klaeng',
 'zambezi',
 'katsuura',
 'cristalina',
 'lorengau',
 'west plains',
 'eyl',
 'sao goncalo do amarante',
 'adrar',
 'cherskiy',
 'khatanga',
 'filadelfia',
 'daru',
 'taltal',
 'rocha',
 'butaritari',
 'nushki',
 'kantabanji',
 'tual',
 'vilhena',
 'punta arenas',
 'turtas',
 'hauterive',
 'srandakan',
 'hobart',
 'victoria',
 'san andres',
 'provideniya',
 'east london',
 'wasilla',
 'kieta',
 'tuktoyaktuk',
 'vaini',
 'bredasdorp',
 'olga',
 'rapid valley',
 'caravelas',
 'guatire',
 'honiara',
 'itanhem',
 'bathsheba',
 'samarai',
 'gonen',
 'belmopan',
 'petropavlovsk-kamchatskiy',
 'ponta do sol',
 'hearst',
 'mahebourg',
 'fortuna',
 'tuatapere',
 'malpe',
 'hellvik',
 'saskylakh',
 'kahului',
 'esperance',
 'luderitz',
 'mandalgovi',
 'namibe',
 'fare',
 'nouadhibou',
 'san jeronimo',
 'berberati',
 'vuktyl',
 'moose factory',
 'thompson',
 'padang',
 'manado',
 'los llanos de aridane',
 'palabuhanratu',
 'kungurtug',
 'qasigiannguit',
 'mount gambier',
 'cidreira',
 'clocolan',
 'paracuru',
 'hattiesburg',
 'basco',
 'fairfield',
 'buchanan',
 'dolbeau',
 'shingu',
 'yar-sale',
 'waingapu',
 'kharakvasla',
 'hovd',
 'sao jose da tapera',
 'kolyvan',
 'pangnirtung',
 'coihueco',
 'vila velha',
 'cabcab',
 'bubaque',
 'santa rosa',
 'vestbygda',
 'massakory',
 'severo-kurilsk',
 'santa margherita ligure',
 'ust-kamchatsk',
 'kalmunai',
 'longyearbyen',
 'valsad',
 'warqla',
 'batagay-alyta',
 'san patricio',
 'laibin',
 'korla',
 'bengkulu',
 'luena',
 'aksarka',
 'tsihombe',
 'freeport',
 'seymchan',
 'davidson',
 'tautira',
 'port-gentil',
 'severnyy',
 'nantucket',
 'bonavista',
 'dzhusaly',
 'platanos',
 'santa maria',
 'klyuchevskiy',
 'baykit',
 'miles city',
 'oporapa',
 'belturbet',
 'paraiso',
 'sao felix do xingu',
 'iaciara',
 'arraial do cabo',
 'winnemucca',
 'sretensk',
 'pevek',
 'bilibino',
 'sakakah',
 'chok chai',
 'oktyabrskoye',
 'norman wells',
 'azimur',
 'chebarkul',
 'honningsvag',
 'bargal',
 'marsh harbour',
 'yulara',
 'raudeberg',
 'makakilo city',
 'cimarron hills',
 'atar',
 'beloha',
 'yumen',
 'srednekolymsk',
 'makurdi',
 'sol-iletsk',
 'bahia blanca',
 'sur',
 'ilulissat',
 'aranos',
 'nguiu',
 'umzimvubu',
 'mareeba',
 'kodinsk',
 'saravan',
 'bandarbeyla',
 'saint-pierre',
 'kurchum',
 'tocopilla',
 'lugovskiy',
 'tasiilaq',
 'bitung',
 'lebu',
 'pangody',
 'kirakira',
 'brainerd',
 'tazovskiy',
 'buta',
 'ternovskaya',
 'samusu',
 'ust-kuyga',
 'monteprandone',
 'bayburt',
 'marcona',
 'bambanglipuro',
 'vardo',
 'olafsvik',
 'iqaluit',
 'salalah',
 'san quintin',
 'tessalit',
 'bestobe',
 'hokitika',
 'coahuayana',
 'caronport',
 'svetlyy',
 'acapulco',
 'rosarito',
 'sri aman',
 'nioro',
 'milan',
 'riyadh',
 'leningradskiy',
 'pagman',
 'bilma',
 'mitsamiouli',
 'kadykchan',
 'kazalinsk',
 'havoysund',
 'kununurra',
 'novyy urengoy',
 'kamenka',
 'bethel',
 'talara',
 'goderich',
 'sasina',
 'bambous virieux',
 'paamiut',
 'cambyreta',
 'hervey bay',
 'naze',
 'panzhihua',
 'san vicente',
 'pitimbu',
 'cedral',
 'tumannyy',
 'chor',
 'stryn',
 'kadoma',
 'gimli',
 'semenivka',
 'broome',
 'mutsu',
 'atbasar',
 'elat',
 'laiagam',
 'roebourne',
 'heihe',
 'mango',
 'avanigadda',
 'ixtapa',
 'okhotsk',
 'herouville-saint-clair',
 'beringovskiy',
 'ta khmau',
 'illoqqortoormiut',
 'ambagarh chauki',
 'eganville',
 'pio ix',
 'grindavik',
 'marawi',
 'amga',
 'itarema',
 'mogadishu',
 'basoko',
 'samagaltay',
 'college',
 'hirara',
 'turukhansk',
 'ukiah',
 'bandar-e torkaman',
 'guilin',
 'meyungs',
 'poya',
 'amarante do maranhao',
 'sao filipe',
 'pontian kecil',
 'manggar',
 'mamallapuram',
 'jubb jannin',
 'tarsus',
 'baker city',
 'cervo',
 'kushmurun',
 'kavieng',
 'vao',
 'jardim',
 'gravdal',
 'chuy',
 'trairi',
 'reichenau',
 'hamilton',
 'evensk',
 'geraldton',
 'brae',
 'leshukonskoye',
 'nayoro',
 'alenquer',
 'grand-santi',
 'bur gabo',
 'xining',
 'ajdabiya',
 'aflu',
 'yangambi',
 'zabaykalsk',
 'tiarei',
 'puerto guzman',
 'tuggurt',
 'ust-nera',
 'dukat',
 'poum',
 'chicama',
 'halalo',
 'lavrentiya',
 'harper',
 'sapao',
 'lagoa',
 'san jose',
 'rorvik',
 'hambantota',
 'ahipara',
 'hobyo',
 'odweyne',
 'la solana',
 'bellegarde-sur-valserine',
 'codrington',
 'vyshkov',
 'touros',
 'fengcheng',
 'kutum',
 'touba',
 'ballina',
 'ponta delgada',
 'mathathane',
 'valley',
 'jeremoabo',
 'erdenet',
 'kanye',
 'sambava',
 'pacific grove',
 'nhulunbuy',
 'kargasok',
 'nador',
 'faxinal',
 'mukhen',
 'kichera',
 'misratah',
 'wajir',
 'espanola',
 'aksu',
 'northampton',
 'agva',
 'oxapampa',
 'skelleftea',
 'asilah',
 'egvekinot',
 'lesosibirsk',
 'cayenne',
 'hamadan',
 'maxixe',
 'halmstad',
 'cabra',
 'mehamn',
 'taoudenni',
 'parfenyevo',
 'nizwa',
 'requena',
 'talnakh',
 'suileng',
 'porto novo',
 'nagato',
 'faanui',
 'zhigansk',
 'tiznit',
 'anchorage',
 'soyo',
 'anadyr',
 'lake ridge',
 'baruun-urt',
 'lolua',
 'alzamay',
 'glubokoe',
 'mpika',
 'nizhneyansk',
 'coos bay',
 'levelland',
 'kismayo',
 'karamay',
 'outram',
 'marzuq',
 'minab',
 'guaruja',
 'tillabery',
 'maniitsoq',
 'viligili',
 'dicabisagan',
 'buraydah',
 'glen rock',
 'abu zabad',
 'khromtau',
 'alvorada',
 'alice springs',
 'klaksvik',
 'cizre',
 'shubarkuduk',
 'lorvao',
 'coquimbo',
 'kirando',
 'westport',
 'aktau',
 'salinas',
 'araouane',
 'kita',
 'agadez',
 'biloela',
 'sibolga',
 'tamandare',
 'rognedino',
 'teguldet',
 'kiruna',
 'masvingo',
 'chagda',
 'saryshagan',
 'mount isa',
 'cuenca',
 'libreville',
 'washington',
 'verkhniy lomov',
 'tabiauea',
 'liaoyang',
 'manzil tamim',
 'tommot',
 'balkanabat',
 'acarau',
 'telimele',
 'krasnoselkup',
 'flinders',
 'nerja',
 'herrin',
 'liverpool',
 'fairbanks',
 'lerwick',
 'saldanha',
 'gamboula',
 'san rafael',
 'bideford',
 'santa marta',
 'male',
 'coihaique',
 'hvide sande',
 'nova granada',
 'gbadolite',
 'husavik',
 'sonoita',
 'manihari',
 'lingyuan',
 'khvorostyanka',
 'puerto narino',
 'satitoa',
 'khorramshahr',
 'saleaula',
 'huarmey',
 'camp verde',
 'nome',
 'les cayes',
 'zabid',
 'whittlesea',
 'pyaozerskiy',
 'stornoway',
 'vallenar',
 'derzhavinsk',
 'ati',
 'new lenox',
 'luganville',
 'saint-joseph',
 'tefe',
 'clyde river']
